ASSETNUM,GAME_THEME,AMT_WON,TRANSACTION_DATE,WIN_TYPE,ENTRY_METHOD,DTTYPID,DTTYPNAME
11049,TIMBER WOLF TRIPLE POWER,2008.25,2026-10-09 13:25:02,Jackpot,Standard,40030,Att Pay JP Paid
9012,DOUBLE 3X4X5X PAY,2400,2026-10-09 11:17:16,Jackpot,Standard,40030,Att Pay JP Paid
11141,CONFUCIUS SAY - PL,2040,2026-10-09 08:44:33,Jackpot,Standard,40030,Att Pay JP Paid
11141,CONFUCIUS SAY - PL,2042,2026-10-09 08:20:44,Jackpot,Standard,40030,Att Pay JP Paid
11141,CONFUCIUS SAY - PL,7257.3,2026-10-09 08:15:40,Progressive,Standard,48030,Att Pay Prog Paid
8584,HAPPY AND PROSPEROUS - DC,6500,2026-10-09 07:31:06,Jackpot,Standard,40030,Att Pay JP Paid
8589,MIGHTY PYRAMID - MO MUMMY,2400,2026-10-09 06:26:52,Jackpot,Standard,40030,Att Pay JP Paid
11134,GO GHOST -  SPOOKY LINK,4090,2026-10-09 05:57:57,Jackpot,Standard,40030,Att Pay JP Paid
11134,GO GHOST -  SPOOKY LINK,2305,2026-10-09 05:44:50,Jackpot,Standard,40030,Att Pay JP Paid
10887,PANDA MAGIC,2450,2026-10-08 22:35:14,Jackpot,Standard,40030,Att Pay JP Paid
10887,PANDA MAGIC,2125,2026-10-08 22:33:43,Jackpot,Standard,40030,Att Pay JP Paid
8036,DOUBLE DIAMOND,6000,2026-10-08 22:00:00,Jackpot,Standard,40030,Att Pay JP Paid
8583,AUTUMN MOON - DC,3475,2026-10-08 20:12:08,Jackpot,Standard,40030,Att Pay JP Paid
7059,TRIPLE RED HOT 7S,2700,2026-10-08 19:59:22,Jackpot,Standard,40030,Att Pay JP Paid
11143,ULTIMATE FIRE LINK CHINA STREET,2181.5,2026-10-08 19:21:20,Progressive,Standard,48030,Att Pay Prog Paid
8583,AUTUMN MOON - DC,3975,2026-10-08 18:51:13,Jackpot,Standard,40030,Att Pay JP Paid
9904,DOUBLE DIAMOND,2500,2026-10-08 14:42:47,Jackpot,Standard,40030,Att Pay JP Paid
11136,YO YETTI - SPOOKY LINK,9796.62,2026-10-08 12:46:02,Progressive,Standard,48030,Att Pay Prog Paid
6626,JACKS OR BETTER,4000,2026-10-08 00:17:39,Jackpot,Standard,40030,Att Pay JP Paid
11015,BUFFALO LINK,2129.8,2026-10-07 22:30:27,Progressive,Standard,48030,Att Pay Prog Paid
8590,VALLEY OF RICHES - MO MUMMY,2850,2026-10-07 21:38:34,Jackpot,Standard,40030,Att Pay JP Paid
11156,BERRY BUCKS,2101.5,2026-10-07 21:17:05,Jackpot,Standard,40030,Att Pay JP Paid
10854,RED HOT JP DBL SIZZLIN 7,5678.06,2026-10-07 18:56:46,Progressive,Standard,48030,Att Pay Prog Paid
8584,HAPPY AND PROSPEROUS - DC,7850,2026-10-07 18:01:17,Jackpot,Standard,40030,Att Pay JP Paid
11133,RAKIN BACON CASH COMBO,5220.02,2026-10-07 17:49:07,Progressive,Standard,48030,Att Pay Prog Paid
6627,JACKS OR BETTER,2000,2026-10-07 16:34:41,Jackpot,Standard,40030,Att Pay JP Paid
6627,JACKS OR BETTER,2000,2026-10-07 16:06:31,Jackpot,Standard,40030,Att Pay JP Paid
6627,JACKS OR BETTER,4000,2026-10-07 15:51:43,Jackpot,Standard,40030,Att Pay JP Paid
11151,WOLF RUN WILD MOON,2443.7,2026-10-07 15:48:52,Progressive,Standard,48030,Att Pay Prog Paid
11157,FIESTA DE LAS CALACAS,2570.88,2026-10-07 14:27:03,Progressive,Standard,48030,Att Pay Prog Paid
8583,AUTUMN MOON - DC,5093.98,2026-10-07 14:17:00,Progressive,Standard,48030,Att Pay Prog Paid
11015,BUFFALO LINK,2160,2026-10-07 09:59:47,Jackpot,Standard,40030,Att Pay JP Paid
11136,YO YETTI - SPOOKY LINK,3340,2026-10-07 09:58:34,Jackpot,Standard,40030,Att Pay JP Paid
11015,BUFFALO LINK,2143.75,2026-10-07 09:38:49,Jackpot,Standard,40030,Att Pay JP Paid
8584,HAPPY AND PROSPEROUS - DC,3180,2026-10-06 21:34:28,Jackpot,Standard,40030,Att Pay JP Paid
1466,WHALES OF CASH,2880,2026-10-06 21:32:50,Jackpot,Standard,40030,Att Pay JP Paid
11060,PRESS YOUR LUCK WHAMMY BUCKS,6442.48,2026-10-06 19:27:38,Progressive,Standard,48030,Att Pay Prog Paid
11028,SILK ROAD,2610,2026-10-06 18:18:08,Jackpot,Standard,40030,Att Pay JP Paid
8584,HAPPY AND PROSPEROUS - DC,5730,2026-10-06 17:54:40,Jackpot,Standard,40030,Att Pay JP Paid
1460,WHALES OF CASH,7731.6,2026-10-06 17:39:40,Jackpot,Standard,40030,Att Pay JP Paid
9009,DOUBLE GOLD,2000,2026-10-06 17:25:56,Jackpot,Standard,40030,Att Pay JP Paid
8583,AUTUMN MOON - DC,9999.45,2026-10-06 17:15:29,Progressive,Standard,48030,Att Pay Prog Paid
11015,BUFFALO LINK,2156,2026-10-06 16:48:37,Jackpot,Standard,40030,Att Pay JP Paid
8582,GOLDEN CENTURY - DC,5425,2026-10-06 16:40:19,Jackpot,Standard,40030,Att Pay JP Paid
11005,BUFFALO CASH EXPRESS,2747.4,2026-10-06 15:46:04,Progressive,Standard,48030,Att Pay Prog Paid
8584,HAPPY AND PROSPEROUS - DC,2129,2026-10-06 15:43:34,Jackpot,Standard,40030,Att Pay JP Paid
10705,HIGH STACKS,11050.19,2026-10-06 13:46:37,Progressive,Standard,48030,Att Pay Prog Paid
11049,TIMBER WOLF TRIPLE POWER,2874,2026-10-06 12:41:49,Jackpot,Standard,40030,Att Pay JP Paid
11015,BUFFALO LINK,2700,2026-10-06 12:33:17,Jackpot,Standard,40030,Att Pay JP Paid
11052,BUFFALO CASH EXPRESS,2624.91,2026-10-06 12:27:51,Progressive,Standard,48030,Att Pay Prog Paid
11052,BUFFALO CASH EXPRESS,3305,2026-10-06 00:39:16,Jackpot,Standard,40030,Att Pay JP Paid
11052,BUFFALO CASH EXPRESS,3107.5,2026-10-06 00:16:04,Jackpot,Standard,40030,Att Pay JP Paid
11052,BUFFALO CASH EXPRESS,2532.25,2026-10-06 00:01:40,Jackpot,Standard,40030,Att Pay JP Paid
11005,BUFFALO CASH EXPRESS,2843,2026-10-05 19:25:00,Jackpot,Standard,40030,Att Pay JP Paid
11029,GENGHIS KHAN,2741,2026-10-04 20:55:02,Jackpot,Standard,40030,Att Pay JP Paid
6841,UFL CHINA STREET,11243.88,2026-10-04 17:28:13,Progressive,Standard,48030,Att Pay Prog Paid
9012,DOUBLE 3X4X5X PAY,6000,2026-10-04 17:18:38,Jackpot,Standard,40030,Att Pay JP Paid
7600,TRIPLE DOUBLE LUCKY 7S,2700,2026-10-04 13:56:59,Jackpot,Standard,40030,Att Pay JP Paid
11013,BUFFALO LINK,5024.5,2026-10-04 13:31:38,Jackpot,Standard,40030,Att Pay JP Paid
11013,BUFFALO LINK,2970.2,2026-10-04 12:49:02,Jackpot,Standard,40030,Att Pay JP Paid
11046,BUFFALO TRIPLE POWER,4107.5,2026-10-04 10:16:54,Jackpot,Standard,40030,Att Pay JP Paid
11015,BUFFALO LINK,5869,2026-10-04 10:16:51,Jackpot,Standard,40030,Att Pay JP Paid
8569,SIZZLING 7S,2000,2026-10-04 00:09:40,Jackpot,Standard,40030,Att Pay JP Paid
9902,TRIPLE DIAMOND,18000,2026-10-03 23:17:55,Jackpot,Standard,40030,Att Pay JP Paid
7059,TRIPLE RED HOT 7S,2000,2026-10-03 19:50:23,Jackpot,Standard,40030,Att Pay JP Paid
8176,TRIPLE DOUBLE DIAMOND,2880,2026-10-03 19:40:27,Jackpot,Standard,40030,Att Pay JP Paid
8582,GOLDEN CENTURY - DC,2300,2026-10-03 19:21:34,Jackpot,Standard,40030,Att Pay JP Paid
8590,VALLEY OF RICHES - MO MUMMY,4275,2026-10-03 19:19:53,Jackpot,Standard,40030,Att Pay JP Paid
8524,TRIPLE RED HOT 7S,2700,2026-10-03 18:31:08,Jackpot,Standard,40030,Att Pay JP Paid
4196,JACKS OR BETTER - 3P,3200,2026-10-03 17:42:51,Jackpot,Standard,40030,Att Pay JP Paid
8036,DOUBLE DIAMOND,2000,2026-10-03 14:53:45,Jackpot,Standard,40030,Att Pay JP Paid
7039,TRIPLE STARS,2700,2026-10-03 14:29:30,Jackpot,Standard,40030,Att Pay JP Paid
8583,AUTUMN MOON - DC,2300,2026-10-03 13:29:31,Jackpot,Standard,40030,Att Pay JP Paid
10986,GENGHIS KHAN-DL,2320,2026-10-03 09:44:59,Jackpot,Standard,40030,Att Pay JP Paid
8568,SIZZLING 7S,2000,2026-10-03 03:04:08,Jackpot,Standard,40030,Att Pay JP Paid
10889,GOLDEN CENTURY,15350.37,2026-10-03 02:59:13,Progressive,Standard,48030,Att Pay Prog Paid
11049,TIMBER WOLF TRIPLE POWER,2160.84,2026-10-03 01:14:58,Jackpot,Standard,40030,Att Pay JP Paid
11008,BUFFALO CASH EXPRESS,3637.5,2026-10-03 00:13:14,Jackpot,Standard,40030,Att Pay JP Paid
11134,GO GHOST -  SPOOKY LINK,2180.01,2026-10-02 23:56:46,Progressive,Standard,48030,Att Pay Prog Paid
11142,ULTIMATE FIRE LINK CHINA STREET,3018.2,2026-10-02 22:57:06,Progressive,Standard,48030,Att Pay Prog Paid
6628,JACKS OR BETTER,4000,2026-10-02 21:02:09,Jackpot,Standard,40030,Att Pay JP Paid
9900,DOUBLE DIAMOND,5000,2026-10-02 20:20:42,Jackpot,Standard,40030,Att Pay JP Paid
11025,SILK ROAD,2764,2026-10-02 19:36:58,Jackpot,Standard,40030,Att Pay JP Paid
11096,WORLD OF RICHES,9539.79,2026-10-02 19:25:22,Progressive,Standard,48030,Att Pay Prog Paid
10887,PANDA MAGIC,2450,2026-10-02 19:10:25,Jackpot,Standard,40030,Att Pay JP Paid
10887,PANDA MAGIC,2960,2026-10-02 16:56:47,Jackpot,Standard,40030,Att Pay JP Paid
6639,KENO,2000,2026-10-02 15:50:46,Jackpot,Standard,40030,Att Pay JP Paid
8524,TRIPLE RED HOT 7S,2700,2026-10-02 15:04:45,Jackpot,Standard,40030,Att Pay JP Paid
1525,WHALES OF CASH,2880,2026-10-02 14:39:37,Jackpot,Standard,40030,Att Pay JP Paid
11012,BUFFALO LINK,2714.6,2026-10-02 12:06:01,Jackpot,Standard,40030,Att Pay JP Paid
11135,MO MUMMY - SPOOKY LINK,3312.5,2026-10-02 11:45:06,Jackpot,Standard,40030,Att Pay JP Paid
1215,RUBY MAGIC,2413.75,2026-10-02 10:53:08,Jackpot,Standard,40030,Att Pay JP Paid
8036,DOUBLE DIAMOND,2540,2026-10-01 20:33:56,Jackpot,Standard,40030,Att Pay JP Paid
11043,ULTIMATE FIRE LINK OLVERA STREET,4228,2026-10-01 20:03:41,Progressive,Standard,48030,Att Pay Prog Paid
11043,ULTIMATE FIRE LINK OLVERA STREET,2321,2026-10-01 19:26:20,Progressive,Standard,48030,Att Pay Prog Paid
8216,DOUBLE DIAMOND,2390,2026-10-01 19:16:40,Jackpot,Standard,40030,Att Pay JP Paid
11143,ULTIMATE FIRE LINK CHINA STREET,2350,2026-10-01 18:43:10,Jackpot,Standard,40030,Att Pay JP Paid
11143,ULTIMATE FIRE LINK CHINA STREET,3115,2026-10-01 18:42:30,Progressive,Standard,48030,Att Pay Prog Paid
11043,ULTIMATE FIRE LINK OLVERA STREET,2439,2026-10-01 18:19:06,Progressive,Standard,48030,Att Pay Prog Paid
11043,ULTIMATE FIRE LINK OLVERA STREET,4284,2026-10-01 18:17:26,Progressive,Standard,48030,Att Pay Prog Paid
6626,JACKS OR BETTER,4000,2026-10-01 17:39:50,Jackpot,Standard,40030,Att Pay JP Paid
11043,ULTIMATE FIRE LINK OLVERA STREET,5457,2026-10-01 17:17:40,Progressive,Standard,48030,Att Pay Prog Paid
11043,ULTIMATE FIRE LINK OLVERA STREET,3010,2026-10-01 17:08:16,Jackpot,Standard,40030,Att Pay JP Paid
11043,ULTIMATE FIRE LINK OLVERA STREET,4951,2026-10-01 17:04:23,Progressive,Standard,48030,Att Pay Prog Paid
6063,JACKS OR BETTER,2000,2026-10-01 14:19:30,Jackpot,Standard,40030,Att Pay JP Paid
11024,GOLDEN GONG,12009.28,2026-10-01 13:36:21,Progressive,Standard,48030,Att Pay Prog Paid
11028,SILK ROAD,3200,2026-10-01 11:47:40,Jackpot,Standard,40030,Att Pay JP Paid
9030,DBL TOP DOLLAR,2300,2026-10-01 05:10:29,Jackpot,Standard,40030,Att Pay JP Paid
8583,AUTUMN MOON - DC,2562.5,2026-09-30 13:35:22,Jackpot,Standard,40030,Att Pay JP Paid
9900,DOUBLE DIAMOND,5000,2026-09-29 16:28:07,Jackpot,Standard,40030,Att Pay JP Paid
9900,DOUBLE DIAMOND,5000,2026-09-29 16:26:06,Jackpot,Standard,40030,Att Pay JP Paid
9904,DOUBLE DIAMOND,7500,2026-09-29 16:25:07,Jackpot,Standard,40030,Att Pay JP Paid
9904,DOUBLE DIAMOND,7500,2026-09-29 16:08:55,Jackpot,Standard,40030,Att Pay JP Paid
11136,YO YETTI - SPOOKY LINK,2093,2026-09-29 15:49:09,Jackpot,Standard,40030,Att Pay JP Paid
9900,DOUBLE DIAMOND,8000,2026-09-29 15:12:25,Jackpot,Standard,40030,Att Pay JP Paid
8582,GOLDEN CENTURY - DC,2202.5,2026-09-29 15:02:46,Jackpot,Standard,40030,Att Pay JP Paid
11020,AUTUMN MOON,3725,2026-09-28 23:18:46,Jackpot,Standard,40030,Att Pay JP Paid
11140,SENSEI MASTER - PL,5861.8,2026-09-28 18:59:09,Jackpot,Standard,40030,Att Pay JP Paid
1215,RUBY MAGIC,2221,2026-09-28 18:11:38,Jackpot,Standard,40030,Att Pay JP Paid
1912,QH TRIPLE BLAZIN 7 WILD JP,3960.33,2026-09-28 16:01:25,Progressive,Standard,48030,Att Pay Prog Paid
11131,PIGGY BANKIN' BREAK IN,2170,2026-09-28 11:55:40,Jackpot,Standard,40030,Att Pay JP Paid
8584,HAPPY AND PROSPEROUS - DC,2175,2026-09-28 07:11:38,Jackpot,Standard,40030,Att Pay JP Paid
8584,HAPPY AND PROSPEROUS - DC,2437.5,2026-09-27 22:08:50,Jackpot,Standard,40030,Att Pay JP Paid
8582,GOLDEN CENTURY - DC,3525,2026-09-27 20:13:36,Jackpot,Standard,40030,Att Pay JP Paid
6291,JACKS OR BETTER - 1P,3304,2026-09-27 19:24:49,Jackpot,Standard,40030,Att Pay JP Paid
8571,SIZZLING 7S,2000,2026-09-27 18:21:33,Jackpot,Standard,40030,Att Pay JP Paid
8582,GOLDEN CENTURY - DC,5788.22,2026-09-27 13:42:43,Progressive,Standard,48030,Att Pay Prog Paid
11020,AUTUMN MOON,2370,2026-09-27 13:42:39,Jackpot,Standard,40030,Att Pay JP Paid
10889,GOLDEN CENTURY,4675,2026-09-27 13:25:01,Jackpot,Standard,40030,Att Pay JP Paid
10888,HAPPY AND PROSPEROUS,2700,2026-09-27 10:57:09,Jackpot,Standard,40030,Att Pay JP Paid
11047,TIMBER WOLF TRIPLE POWER,2025.8,2026-09-27 10:12:22,Jackpot,Standard,40030,Att Pay JP Paid
11043,ULTIMATE FIRE LINK OLVERA STREET,3867,2026-09-27 09:19:49,Progressive,Standard,48030,Att Pay Prog Paid
11136,YO YETTI - SPOOKY LINK,2012.5,2026-09-27 08:48:10,Jackpot,Standard,40030,Att Pay JP Paid
11157,FIESTA DE LAS CALACAS,2072.5,2026-09-27 08:38:19,Jackpot,Standard,40030,Att Pay JP Paid
11028,SILK ROAD,2560,2026-09-27 07:58:40,Jackpot,Standard,40030,Att Pay JP Paid
8590,VALLEY OF RICHES - MO MUMMY,5110,2026-09-27 06:25:40,Jackpot,Standard,40030,Att Pay JP Paid
11138,QUEEN CHIU - PL,2053.63,2026-09-27 02:36:31,Progressive,Standard,48030,Att Pay Prog Paid
8510,JACKS OR BETTER - 1P,4000,2026-09-26 20:59:15,Jackpot,Standard,40030,Att Pay JP Paid
11139,GENERAL TSO - PL,2779.4,2026-09-26 20:07:34,Progressive,Standard,48030,Att Pay Prog Paid
9902,TRIPLE DIAMOND,3000,2026-09-26 19:06:32,Jackpot,Standard,40030,Att Pay JP Paid
11051,BUFFALO CASH EXPRESS,2643.24,2026-09-26 18:16:12,Progressive,Standard,48030,Att Pay Prog Paid
9012,DOUBLE 3X4X5X PAY,3000,2026-09-26 17:41:09,Jackpot,Standard,40030,Att Pay JP Paid
8583,AUTUMN MOON - DC,2500,2026-09-26 17:39:55,Jackpot,Standard,40030,Att Pay JP Paid
11067,RAKIN BACON,4405,2026-09-26 16:39:27,Jackpot,Standard,40030,Att Pay JP Paid
1961,WICKED WINNINGS II,2000,2026-09-26 12:27:55,Jackpot,Standard,40030,Att Pay JP Paid
7601,TRIPLE BLACK TIE,6000,2026-09-26 12:08:09,Jackpot,Standard,40030,Att Pay JP Paid
1469,WHALES OF CASH,2880,2026-09-26 03:33:42,Jackpot,Standard,40030,Att Pay JP Paid
11030,WONDER 4 WONDER WHEEL,5179.77,2026-09-25 23:42:09,Progressive,Standard,48030,Att Pay Prog Paid
10888,HAPPY AND PROSPEROUS,2590,2026-09-25 21:06:00,Jackpot,Standard,40030,Att Pay JP Paid
11130,PIGGY BANKIN' BREAK IN,2401.87,2026-09-25 19:27:37,Progressive,Standard,48030,Att Pay Prog Paid
8584,HAPPY AND PROSPEROUS - DC,2075,2026-09-25 18:42:24,Jackpot,Standard,40030,Att Pay JP Paid
8583,AUTUMN MOON - DC,2500,2026-09-25 17:35:47,Jackpot,Standard,40030,Att Pay JP Paid
8216,DOUBLE DIAMOND,2216,2026-09-25 17:28:58,Jackpot,Standard,40030,Att Pay JP Paid
11026,GENGHIS KHAN,3352,2026-09-25 17:23:32,Jackpot,Standard,40030,Att Pay JP Paid
11141,CONFUCIUS SAY - PL,2627,2026-09-25 17:14:16,Jackpot,Standard,40030,Att Pay JP Paid
8584,HAPPY AND PROSPEROUS - DC,3262.5,2026-09-25 17:04:11,Jackpot,Standard,40030,Att Pay JP Paid
8582,GOLDEN CENTURY - DC,6909.14,2026-09-25 16:37:49,Progressive,Standard,48030,Att Pay Prog Paid
11071,RIVER DRAGONS,4999.78,2026-09-25 15:19:29,Jackpot,Standard,40030,Att Pay JP Paid
10576,CHINA SHORES,2000,2026-09-25 13:13:49,Jackpot,Standard,40030,Att Pay JP Paid
8002,TRIPLE STARS,2185,2026-09-24 21:44:26,Jackpot,Standard,40030,Att Pay JP Paid
8583,AUTUMN MOON - DC,2737.5,2026-09-24 21:43:45,Jackpot,Standard,40030,Att Pay JP Paid
8216,DOUBLE DIAMOND,2020,2026-09-24 19:41:02,Jackpot,Standard,40030,Att Pay JP Paid
8036,DOUBLE DIAMOND,2050,2026-09-24 19:32:09,Jackpot,Standard,40030,Att Pay JP Paid
11140,SENSEI MASTER - PL,2424,2026-09-24 19:26:52,Jackpot,Standard,40030,Att Pay JP Paid
9904,DOUBLE DIAMOND,3000,2026-09-24 19:19:28,Jackpot,Standard,40030,Att Pay JP Paid
9904,DOUBLE DIAMOND,3750,2026-09-24 19:14:13,Jackpot,Standard,40030,Att Pay JP Paid
8036,DOUBLE DIAMOND,4530,2026-09-24 19:05:02,Jackpot,Standard,40030,Att Pay JP Paid
9904,DOUBLE DIAMOND,3000,2026-09-24 18:56:59,Jackpot,Standard,40030,Att Pay JP Paid
8216,DOUBLE DIAMOND,2040,2026-09-24 18:50:02,Jackpot,Standard,40030,Att Pay JP Paid
9904,DOUBLE DIAMOND,3750,2026-09-24 18:39:27,Jackpot,Standard,40030,Att Pay JP Paid
8515,JACKS OR BETTER - 1P,10000,2026-09-24 18:28:30,Jackpot,Standard,40030,Att Pay JP Paid
11052,BUFFALO CASH EXPRESS,2098,2026-09-24 16:05:49,Jackpot,Standard,40030,Att Pay JP Paid
1528,WHALES OF CASH,5791.7,2026-09-24 15:48:06,Jackpot,Standard,40030,Att Pay JP Paid
9030,DBL TOP DOLLAR,2300,2026-09-24 15:13:05,Jackpot,Standard,40030,Att Pay JP Paid
11107,LAVA LOCK,2056,2026-09-24 15:08:58,Jackpot,Standard,40030,Att Pay JP Paid
11140,SENSEI MASTER - PL,2290,2026-09-24 02:32:27,Jackpot,Standard,40030,Att Pay JP Paid
8589,MIGHTY PYRAMID - MO MUMMY,2750,2026-09-23 23:30:11,Jackpot,Standard,40030,Att Pay JP Paid
9607,HOT PEPPERS,3200,2026-09-23 19:20:52,Jackpot,Standard,40030,Att Pay JP Paid
11058,BUFFALO AND FRIENDS,3410,2026-09-23 18:49:39,Jackpot,Standard,40030,Att Pay JP Paid
11012,BUFFALO LINK,2150,2026-09-23 18:37:51,Jackpot,Standard,40030,Att Pay JP Paid
11012,BUFFALO LINK,2440,2026-09-23 18:36:14,Jackpot,Standard,40030,Att Pay JP Paid
10252,PIRATE SHIP,2560.51,2026-09-23 17:42:43,Progressive,Standard,48030,Att Pay Prog Paid
10954,SPRING FESTIVAL,5264,2026-09-23 14:26:39,Jackpot,Standard,40030,Att Pay JP Paid
10954,SPRING FESTIVAL,3320,2026-09-23 14:02:41,Jackpot,Standard,40030,Att Pay JP Paid
11015,BUFFALO LINK,2395.5,2026-09-23 11:43:53,Jackpot,Standard,40030,Att Pay JP Paid
11015,BUFFALO LINK,4245.81,2026-09-23 11:06:56,Progressive,Standard,48030,Att Pay Prog Paid
8583,AUTUMN MOON - DC,2015,2026-09-22 20:42:42,Jackpot,Standard,40030,Att Pay JP Paid
10887,PANDA MAGIC,2708,2026-09-22 18:28:53,Jackpot,Standard,40030,Att Pay JP Paid
1963,WICKED WINNINGS II,2266,2026-09-22 15:47:11,Jackpot,Standard,40030,Att Pay JP Paid
11088,QUICK HIT LINK GEMS,15575.33,2026-09-21 18:17:26,Progressive,Standard,48030,Att Pay Prog Paid
11071,RIVER DRAGONS,2594,2026-09-21 16:50:53,Jackpot,Standard,40030,Att Pay JP Paid
1497,MAGIC EYES - MR. CASHMAN,2500,2026-09-21 15:35:15,Jackpot,Standard,40030,Att Pay JP Paid
11135,MO MUMMY - SPOOKY LINK,2162.34,2026-09-21 15:16:04,Progressive,Standard,48030,Att Pay Prog Paid
9027,DOUBLE DOUBLE DIAMOND,4800,2026-09-21 13:24:28,Jackpot,Standard,40030,Att Pay JP Paid
7028,TRIPLE DOUBLE RWB,5000,2026-09-20 21:36:57,Jackpot,Standard,40030,Att Pay JP Paid
8584,HAPPY AND PROSPEROUS - DC,8300,2026-09-20 20:00:27,Jackpot,Standard,40030,Att Pay JP Paid
8583,AUTUMN MOON - DC,2200,2026-09-20 19:47:33,Jackpot,Standard,40030,Att Pay JP Paid
10739,SAHARA GOLD,15968.9,2026-09-20 18:37:47,Progressive,Standard,48030,Att Pay Prog Paid
8589,MIGHTY PYRAMID - MO MUMMY,2216,2026-09-20 18:32:45,Jackpot,Standard,40030,Att Pay JP Paid
11013,BUFFALO LINK,2000.02,2026-09-20 17:30:46,Progressive,Standard,48030,Att Pay Prog Paid
7036,TRIPLE DIAMOND HAYWIRE,2500,2026-09-20 16:34:05,Jackpot,Standard,40030,Att Pay JP Paid
8584,HAPPY AND PROSPEROUS - DC,2700,2026-09-20 15:35:07,Jackpot,Standard,40030,Att Pay JP Paid
11138,QUEEN CHIU - PL,4392.15,2026-09-20 14:42:21,Progressive,Standard,48030,Att Pay Prog Paid
11015,BUFFALO LINK,6250,2026-09-20 12:50:59,Jackpot,Standard,40030,Att Pay JP Paid
11015,BUFFALO LINK,2177.5,2026-09-20 12:27:43,Jackpot,Standard,40030,Att Pay JP Paid
11052,BUFFALO CASH EXPRESS,3001.5,2026-09-20 12:16:15,Jackpot,Standard,40030,Att Pay JP Paid
7043,TRIPLE CASH,3600,2026-09-20 11:16:52,Jackpot,Standard,40030,Att Pay JP Paid
8582,GOLDEN CENTURY - DC,4050,2026-09-20 00:34:02,Jackpot,Standard,40030,Att Pay JP Paid
9007,TRIPLE STARS,2250,2026-09-19 23:37:41,Jackpot,Standard,40030,Att Pay JP Paid
8523,TRIPLE STARS,2700,2026-09-19 22:51:40,Jackpot,Standard,40030,Att Pay JP Paid
6631,KENO,7721.6,2026-09-19 22:50:22,Jackpot,Standard,40030,Att Pay JP Paid
11069,FU NAN FU NU,2194.5,2026-09-19 22:26:20,Jackpot,Standard,40030,Att Pay JP Paid
11032,WONDER 4 WONDER WHEEL,2537.28,2026-09-19 21:23:11,Jackpot,Standard,40030,Att Pay JP Paid
1960,BUFFALO,3240,2026-09-19 19:29:48,Jackpot,Standard,40030,Att Pay JP Paid
11013,BUFFALO LINK,2430,2026-09-19 15:53:57,Jackpot,Standard,40030,Att Pay JP Paid
8583,AUTUMN MOON - DC,7050,2026-09-19 15:08:29,Jackpot,Standard,40030,Att Pay JP Paid
11031,WONDER 4 WONDER WHEEL,4112.44,2026-09-19 13:58:10,Jackpot,Standard,40030,Att Pay JP Paid
11013,BUFFALO LINK,3840.19,2026-09-19 13:53:44,Progressive,Standard,48030,Att Pay Prog Paid
7028,TRIPLE DOUBLE RWB,2700,2026-09-19 11:37:56,Jackpot,Standard,40030,Att Pay JP Paid
6841,UFL CHINA STREET,2755.05,2026-09-19 00:52:48,Progressive,Standard,48030,Att Pay Prog Paid
8216,DOUBLE DIAMOND,3210,2026-09-18 20:55:08,Jackpot,Standard,40030,Att Pay JP Paid
1466,WHALES OF CASH,2880,2026-09-18 20:10:56,Jackpot,Standard,40030,Att Pay JP Paid
9007,TRIPLE STARS,2400,2026-09-18 19:29:45,Jackpot,Standard,40030,Att Pay JP Paid
11014,BUFFALO LINK,3315,2026-09-18 17:08:27,Jackpot,Standard,40030,Att Pay JP Paid
11142,ULTIMATE FIRE LINK CHINA STREET,2141.2,2026-09-18 15:06:05,Progressive,Standard,48030,Att Pay Prog Paid
6828,FORTUNE TRAILS,2709,2026-09-18 15:04:14,Progressive,Standard,48030,Att Pay Prog Paid
11051,BUFFALO CASH EXPRESS,2978.75,2026-09-18 12:26:11,Jackpot,Standard,40030,Att Pay JP Paid
11134,GO GHOST -  SPOOKY LINK,2425,2026-09-18 11:55:19,Jackpot,Standard,40030,Att Pay JP Paid
8590,VALLEY OF RICHES - MO MUMMY,3772.5,2026-09-18 11:26:53,Jackpot,Standard,40030,Att Pay JP Paid
8590,VALLEY OF RICHES - MO MUMMY,3125,2026-09-18 11:09:51,Jackpot,Standard,40030,Att Pay JP Paid
8590,VALLEY OF RICHES - MO MUMMY,2350,2026-09-18 10:59:24,Jackpot,Standard,40030,Att Pay JP Paid
8590,VALLEY OF RICHES - MO MUMMY,2040,2026-09-18 10:37:23,Jackpot,Standard,40030,Att Pay JP Paid
11012,BUFFALO LINK,16174.16,2026-09-18 10:04:17,Progressive,Standard,48030,Att Pay Prog Paid
11134,GO GHOST -  SPOOKY LINK,2262.5,2026-09-18 08:49:39,Jackpot,Standard,40030,Att Pay JP Paid
7059,TRIPLE RED HOT 7S,2700,2026-09-18 08:23:12,Jackpot,Standard,40030,Att Pay JP Paid
11154,CASH RACCOONS,10156.72,2026-09-18 01:35:04,Progressive,Standard,48030,Att Pay Prog Paid
8582,GOLDEN CENTURY - DC,9220.25,2026-09-18 00:23:35,Progressive,Standard,48030,Att Pay Prog Paid
11052,BUFFALO CASH EXPRESS,2625,2026-09-17 22:08:32,Jackpot,Standard,40030,Att Pay JP Paid
11025,SILK ROAD,11716.53,2026-09-17 21:49:39,Progressive,Standard,48030,Att Pay Prog Paid
8510,JACKS OR BETTER - 1P,8000,2026-09-17 19:17:47,Jackpot,Standard,40030,Att Pay JP Paid
1960,BUFFALO,2187,2026-09-17 18:22:47,Jackpot,Standard,40030,Att Pay JP Paid
11005,BUFFALO CASH EXPRESS,2038.3,2026-09-17 17:46:16,Progressive,Standard,48030,Att Pay Prog Paid
11141,CONFUCIUS SAY - PL,10587.91,2026-09-17 17:05:32,Progressive,Standard,48030,Att Pay Prog Paid
7051,TRIPLE RED HOT 7S,2700,2026-09-17 16:23:01,Jackpot,Standard,40030,Att Pay JP Paid
11015,BUFFALO LINK,2399.9,2026-09-17 13:54:02,Jackpot,Standard,40030,Att Pay JP Paid
8589,MIGHTY PYRAMID - MO MUMMY,2425,2026-09-17 13:46:49,Jackpot,Standard,40030,Att Pay JP Paid
1463,WHALES OF CASH,4207.6,2026-09-17 03:09:43,Jackpot,Standard,40030,Att Pay JP Paid
11043,ULTIMATE FIRE LINK OLVERA STREET,8034,2026-09-16 23:33:49,Progressive,Standard,48030,Att Pay Prog Paid
11141,CONFUCIUS SAY - PL,2241,2026-09-16 22:33:15,Progressive,Standard,48030,Att Pay Prog Paid
8036,DOUBLE DIAMOND,2020,2026-09-16 22:10:48,Jackpot,Standard,40030,Att Pay JP Paid
9007,TRIPLE STARS,2250,2026-09-16 21:04:00,Jackpot,Standard,40030,Att Pay JP Paid
11008,BUFFALO CASH EXPRESS,3260.03,2026-09-16 21:01:22,Progressive,Standard,48030,Att Pay Prog Paid
8582,GOLDEN CENTURY - DC,2400,2026-09-16 16:37:02,Jackpot,Standard,40030,Att Pay JP Paid
9009,DOUBLE GOLD,8000,2026-09-16 16:10:08,Jackpot,Standard,40030,Att Pay JP Paid
8113,DOUBLE GOLD,5000,2026-09-16 12:43:51,Jackpot,Standard,40030,Att Pay JP Paid
11116,MAGIC TREASURES DRAGON,10119.44,2026-09-16 12:04:14,Progressive,Standard,48030,Att Pay Prog Paid
11015,BUFFALO LINK,2580,2026-09-16 11:43:12,Jackpot,Standard,40030,Att Pay JP Paid
9027,DOUBLE DOUBLE DIAMOND,2400,2026-09-16 11:05:34,Jackpot,Standard,40030,Att Pay JP Paid
10954,SPRING FESTIVAL,3400,2026-09-16 01:12:01,Jackpot,Standard,40030,Att Pay JP Paid
6624,JACKS OR BETTER,2000,2026-09-15 23:03:35,Jackpot,Standard,40030,Att Pay JP Paid
11015,BUFFALO LINK,2160,2026-09-15 21:52:48,Jackpot,Standard,40030,Att Pay JP Paid
8566,SIZZLING 7S,2000,2026-09-15 21:27:40,Jackpot,Standard,40030,Att Pay JP Paid
8583,AUTUMN MOON - DC,2400,2026-09-15 19:00:48,Jackpot,Standard,40030,Att Pay JP Paid
7039,TRIPLE STARS,2000,2026-09-15 18:21:30,Jackpot,Standard,40030,Att Pay JP Paid
11024,GOLDEN GONG,2120,2026-09-15 15:45:17,Jackpot,Standard,40030,Att Pay JP Paid
6627,JACKS OR BETTER,2000,2026-09-15 13:53:34,Jackpot,Standard,40030,Att Pay JP Paid
10823,TIKI FIRE,2773,2026-09-15 11:36:36,Jackpot,Standard,40030,Att Pay JP Paid
11014,BUFFALO LINK,3557.5,2026-09-15 05:19:54,Jackpot,Standard,40030,Att Pay JP Paid
11015,BUFFALO LINK,2808.5,2026-09-15 04:32:23,Jackpot,Standard,40030,Att Pay JP Paid
11139,GENERAL TSO - PL,2003.28,2026-09-15 01:29:36,Progressive,Standard,48030,Att Pay Prog Paid
9027,DOUBLE DOUBLE DIAMOND,2400,2026-09-14 13:30:31,Jackpot,Standard,40030,Att Pay JP Paid
11014,BUFFALO LINK,2410,2026-09-14 12:37:10,Jackpot,Standard,40030,Att Pay JP Paid
11049,TIMBER WOLF TRIPLE POWER,2267.81,2026-09-14 11:31:02,Jackpot,Standard,40030,Att Pay JP Paid
11143,ULTIMATE FIRE LINK CHINA STREET,2873.5,2026-09-14 05:55:14,Progressive,Standard,48030,Att Pay Prog Paid
8582,GOLDEN CENTURY - DC,3425,2026-09-14 02:51:21,Jackpot,Standard,40030,Att Pay JP Paid
6631,KENO,2119,2026-09-13 22:19:52,Jackpot,Standard,40030,Att Pay JP Paid
10945,DANCING DRUMS,13342.54,2026-09-13 22:17:35,Progressive,Standard,48030,Att Pay Prog Paid
10959,STAR WATCH MAGMA,5151.38,2026-09-13 20:44:02,Progressive,Standard,48030,Att Pay Prog Paid
11139,GENERAL TSO - PL,18028.92,2026-09-13 18:38:46,Progressive,Standard,48030,Att Pay Prog Paid
11043,ULTIMATE FIRE LINK OLVERA STREET,5040,2026-09-13 17:48:37,Jackpot,Standard,40030,Att Pay JP Paid
8212,TRIPLE STARS,2935,2026-09-13 16:14:08,Jackpot,Standard,40030,Att Pay JP Paid
11142,ULTIMATE FIRE LINK CHINA STREET,2738.6,2026-09-13 14:50:11,Progressive,Standard,48030,Att Pay Prog Paid
8582,GOLDEN CENTURY - DC,2450,2026-09-13 14:28:39,Jackpot,Standard,40030,Att Pay JP Paid
6834,WEALTH OF THE DRAGON,6739.66,2026-09-13 13:42:39,Progressive,Standard,48030,Att Pay Prog Paid
8584,HAPPY AND PROSPEROUS - DC,3325,2026-09-13 13:42:36,Jackpot,Standard,40030,Att Pay JP Paid
8583,AUTUMN MOON - DC,2100,2026-09-13 13:04:44,Jackpot,Standard,40030,Att Pay JP Paid
8524,TRIPLE RED HOT 7S,5400,2026-09-13 13:04:40,Jackpot,Standard,40030,Att Pay JP Paid
8582,GOLDEN CENTURY - DC,3107.5,2026-09-13 12:35:25,Jackpot,Standard,40030,Att Pay JP Paid
9030,DBL TOP DOLLAR,2800,2026-09-13 12:24:43,Jackpot,Standard,40030,Att Pay JP Paid
8584,HAPPY AND PROSPEROUS - DC,3450,2026-09-13 11:38:14,Jackpot,Standard,40030,Att Pay JP Paid
11046,BUFFALO TRIPLE POWER,7626.75,2026-09-13 10:07:42,Jackpot,Standard,40030,Att Pay JP Paid
11049,TIMBER WOLF TRIPLE POWER,3012,2026-09-13 09:44:21,Jackpot,Standard,40030,Att Pay JP Paid
8584,HAPPY AND PROSPEROUS - DC,2550,2026-09-13 06:46:12,Jackpot,Standard,40030,Att Pay JP Paid
6841,UFL CHINA STREET,2633,2026-09-13 06:07:19,Progressive,Standard,48030,Att Pay Prog Paid
6841,UFL CHINA STREET,2008,2026-09-13 05:25:55,Progressive,Standard,48030,Att Pay Prog Paid
11013,BUFFALO LINK,2380,2026-09-13 03:09:22,Jackpot,Standard,40030,Att Pay JP Paid
8589,MIGHTY PYRAMID - MO MUMMY,5372.5,2026-09-13 02:57:28,Jackpot,Standard,40030,Att Pay JP Paid
8589,MIGHTY PYRAMID - MO MUMMY,2537.5,2026-09-13 01:55:57,Jackpot,Standard,40030,Att Pay JP Paid
6637,KENO,3500,2026-09-12 19:38:37,Jackpot,Standard,40030,Att Pay JP Paid
8584,HAPPY AND PROSPEROUS - DC,3000,2026-09-12 19:09:54,Jackpot,Standard,40030,Att Pay JP Paid
9030,DBL TOP DOLLAR,2600,2026-09-12 17:27:34,Jackpot,Standard,40030,Att Pay JP Paid
10711,WONDER 4 JACKPOT,5449.63,2026-09-12 17:26:14,Progressive,Standard,48030,Att Pay Prog Paid
11047,TIMBER WOLF TRIPLE POWER,2909.1,2026-09-12 16:59:56,Jackpot,Standard,40030,Att Pay JP Paid
10097,WHALES OF CASH,3271.4,2026-09-12 16:55:31,Jackpot,Standard,40030,Att Pay JP Paid
9902,TRIPLE DIAMOND,18000,2026-09-12 16:23:46,Jackpot,Standard,40030,Att Pay JP Paid
8583,AUTUMN MOON - DC,2780,2026-09-12 16:09:09,Jackpot,Standard,40030,Att Pay JP Paid
11154,CASH RACCOONS,11886.17,2026-09-12 16:08:26,Progressive,Standard,48030,Att Pay Prog Paid
8583,AUTUMN MOON - DC,2375,2026-09-12 15:13:59,Jackpot,Standard,40030,Att Pay JP Paid
4142,JACKS OR BETTER - 3P,3000,2026-09-12 14:29:33,Jackpot,Standard,40030,Att Pay JP Paid
8584,HAPPY AND PROSPEROUS - DC,5857,2026-09-12 13:51:43,Jackpot,Standard,40030,Att Pay JP Paid
6839,UFL CHINA STREET,5379,2026-09-12 12:42:50,Progressive,Standard,48030,Att Pay Prog Paid
11139,GENERAL TSO - PL,2008.48,2026-09-12 10:56:39,Progressive,Standard,48030,Att Pay Prog Paid
10385,MAYAN CHIEF: EMPOWER,2052.48,2026-09-12 04:39:50,Jackpot,Standard,40030,Att Pay JP Paid
6839,UFL CHINA STREET,2169,2026-09-12 02:01:12,Progressive,Standard,48030,Att Pay Prog Paid
6633,KENO,2029.4,2026-09-12 01:27:53,Jackpot,Standard,40030,Att Pay JP Paid
11155,BERRY BUCKS,2062.5,2026-09-12 01:07:19,Jackpot,Standard,40030,Att Pay JP Paid
6635,KENO,2508.8,2026-09-12 00:16:08,Jackpot,Standard,40030,Att Pay JP Paid
9015,TRIPLE STARS,3375,2026-09-11 23:17:43,Jackpot,Standard,40030,Att Pay JP Paid
9904,DOUBLE DIAMOND,4000,2026-09-11 22:26:09,Jackpot,Standard,40030,Att Pay JP Paid
9902,TRIPLE DIAMOND,3000,2026-09-11 22:09:25,Jackpot,Standard,40030,Att Pay JP Paid
9607,HOT PEPPERS,6400,2026-09-11 22:01:51,Jackpot,Standard,40030,Att Pay JP Paid
8582,GOLDEN CENTURY - DC,2575,2026-09-11 20:50:19,Jackpot,Standard,40030,Att Pay JP Paid
9607,HOT PEPPERS,3200,2026-09-11 19:20:16,Jackpot,Standard,40030,Att Pay JP Paid
9007,TRIPLE STARS,4500,2026-09-11 18:20:36,Jackpot,Standard,40030,Att Pay JP Paid
11130,PIGGY BANKIN' BREAK IN,2203.95,2026-09-11 18:08:32,Progressive,Standard,48030,Att Pay Prog Paid
11051,BUFFALO CASH EXPRESS,2118.75,2026-09-11 14:58:37,Jackpot,Standard,40030,Att Pay JP Paid
7027,TPL DBL STARS,3000,2026-09-11 14:03:20,Jackpot,Standard,40030,Att Pay JP Paid
6286,JACKS OR BETTER - 3P,2000,2026-09-11 11:49:41,Jackpot,Standard,40030,Att Pay JP Paid
8216,DOUBLE DIAMOND,10070,2026-09-10 23:58:27,Jackpot,Standard,40030,Att Pay JP Paid
1963,WICKED WINNINGS II,2255.2,2026-09-10 19:50:28,Jackpot,Standard,40030,Att Pay JP Paid
8515,JACKS OR BETTER - 1P,2000,2026-09-10 19:24:11,Jackpot,Standard,40030,Att Pay JP Paid
11142,ULTIMATE FIRE LINK CHINA STREET,5408,2026-09-09 22:38:31,Progressive,Standard,48030,Att Pay Prog Paid
11153,CASH RACCOONS,2001,2026-09-09 21:01:41,Jackpot,Standard,40030,Att Pay JP Paid
1497,MAGIC EYES - MR. CASHMAN,2020,2026-09-09 18:57:51,Jackpot,Standard,40030,Att Pay JP Paid
8582,GOLDEN CENTURY - DC,2350,2026-09-09 18:11:39,Jackpot,Standard,40030,Att Pay JP Paid
7030,WILD DOUBLE STRIKE,3200,2026-09-09 13:27:15,Jackpot,Standard,40030,Att Pay JP Paid
